{"text": " open youtube bro", "segments": [{"id": 0, "seek": 0, "start": 0.0, "end": 2.0, "text": " open youtube bro", "tokens": [50364, 1269, 12487, 2006, 50464], "temperature": 0.0, "avg_logprob": -0.6354231039683024, "compression_ratio": 0.6666666666666666, "no_speech_prob": 0.2133965939283371}], "language": "en"}